{"cameraMode":{"drawMode":0,"name":"Shaded","section":"Shading Mode"},"sceneLighting":false,"audioPlay":false,"sceneViewState":{"showFog":true,"showMaterialUpdate":false,"showSkybox":false,"showFlares":true,"showImageEffects":true,"showParticleSystems":true},"in2DMode":false,"pivot":{"x":0.4000000059604645,"y":1.562000036239624,"z":1.5299999713897706},"rotation":{"x":0.07622716575860977,"y":-0.7295024394989014,"z":0.08241672068834305,"w":0.6747099757194519},"size":0.8836614489555359,"orthographic":false}