{"cameraMode":{"drawMode":0,"name":"Shaded","section":"Shading Mode"},"sceneLighting":false,"audioPlay":false,"sceneViewState":{"showFog":true,"showMaterialUpdate":false,"showSkybox":false,"showFlares":true,"showImageEffects":true,"showParticleSystems":true},"in2DMode":false,"pivot":{"x":0.3999999761581421,"y":1.399999976158142,"z":1.4760000705718995},"rotation":{"x":0.005707776639610529,"y":-0.7335035800933838,"z":0.006160013377666473,"w":0.6796337962150574},"size":0.7145537734031677,"orthographic":false}