{"cameraMode":{"drawMode":0,"name":"Shaded","section":"Shading Mode"},"sceneLighting":false,"audioPlay":false,"sceneViewState":{"showFog":true,"showMaterialUpdate":false,"showSkybox":false,"showFlares":true,"showImageEffects":true,"showParticleSystems":true},"in2DMode":false,"pivot":{"x":0.3999999761581421,"y":1.2303571701049805,"z":1.181276559829712},"rotation":{"x":0.059426501393318179,"y":-0.7471877336502075,"z":0.06742913275957108,"w":0.6585118174552918},"size":0.6546124219894409,"orthographic":false}