{"cameraMode":{"drawMode":0,"name":"Shaded","section":"Shading Mode"},"sceneLighting":false,"audioPlay":false,"sceneViewState":{"showFog":true,"showMaterialUpdate":false,"showSkybox":false,"showFlares":true,"showImageEffects":true,"showParticleSystems":true},"in2DMode":false,"pivot":{"x":11.21710205078125,"y":10.950746536254883,"z":-3.584771156311035},"rotation":{"x":0.2342042475938797,"y":-0.004372141323983669,"z":0.0010658197570592166,"w":0.9721912741661072},"size":0.12087582796812058,"orthographic":false}