{"cameraMode":{"drawMode":0,"name":"Shaded","section":"Shading Mode"},"sceneLighting":false,"audioPlay":false,"sceneViewState":{"showFog":true,"showMaterialUpdate":false,"showSkybox":false,"showFlares":true,"showImageEffects":true,"showParticleSystems":true},"in2DMode":false,"pivot":{"x":0.35500001907348635,"y":1.399999976158142,"z":2.378000020980835},"rotation":{"x":0.02241242118179798,"y":-0.2868316173553467,"z":0.006712517235428095,"w":0.9576974511146545},"size":10.0,"orthographic":false}